"STATISTIC","STATISTIC Label","TLIST(M1)","Month","C02196V02652","State","UNIT","VALUE"
"HSM09","House Construction Cost Index","1975M01","1975M01","-","State","Base Jan 1991=100","18.3"
"HSM09","House Construction Cost Index","1975M02","1975M02","-","State","Base Jan 1991=100","18.7"
"HSM09","House Construction Cost Index","1975M03","1975M03","-","State","Base Jan 1991=100","18.8"
"HSM09","House Construction Cost Index","1975M04","1975M04","-","State","Base Jan 1991=100","19.6"
"HSM09","House Construction Cost Index","1975M05","1975M05","-","State","Base Jan 1991=100","19.8"
"HSM09","House Construction Cost Index","1975M06","1975M06","-","State","Base Jan 1991=100","19.9"
"HSM09","House Construction Cost Index","1975M07","1975M07","-","State","Base Jan 1991=100","20.8"
"HSM09","House Construction Cost Index","1975M08","1975M08","-","State","Base Jan 1991=100","20.8"
"HSM09","House Construction Cost Index","1975M09","1975M09","-","State","Base Jan 1991=100","20.7"
"HSM09","House Construction Cost Index","1975M10","1975M10","-","State","Base Jan 1991=100","20.7"
"HSM09","House Construction Cost Index","1975M11","1975M11","-","State","Base Jan 1991=100","20.7"
"HSM09","House Construction Cost Index","1975M12","1975M12","-","State","Base Jan 1991=100","20.8"
"HSM09","House Construction Cost Index","1976M01","1976M01","-","State","Base Jan 1991=100","21"
"HSM09","House Construction Cost Index","1976M02","1976M02","-","State","Base Jan 1991=100","21.6"
"HSM09","House Construction Cost Index","1976M03","1976M03","-","State","Base Jan 1991=100","21.7"
"HSM09","House Construction Cost Index","1976M04","1976M04","-","State","Base Jan 1991=100","21.7"
"HSM09","House Construction Cost Index","1976M05","1976M05","-","State","Base Jan 1991=100","22"
"HSM09","House Construction Cost Index","1976M06","1976M06","-","State","Base Jan 1991=100","22.9"
"HSM09","House Construction Cost Index","1976M07","1976M07","-","State","Base Jan 1991=100","23.1"
"HSM09","House Construction Cost Index","1976M08","1976M08","-","State","Base Jan 1991=100","23.6"
"HSM09","House Construction Cost Index","1976M09","1976M09","-","State","Base Jan 1991=100","24.1"
"HSM09","House Construction Cost Index","1976M10","1976M10","-","State","Base Jan 1991=100","24.2"
"HSM09","House Construction Cost Index","1976M11","1976M11","-","State","Base Jan 1991=100","24.2"
"HSM09","House Construction Cost Index","1976M12","1976M12","-","State","Base Jan 1991=100","24.4"
"HSM09","House Construction Cost Index","1977M01","1977M01","-","State","Base Jan 1991=100","24.5"
"HSM09","House Construction Cost Index","1977M02","1977M02","-","State","Base Jan 1991=100","26.1"
"HSM09","House Construction Cost Index","1977M03","1977M03","-","State","Base Jan 1991=100","26.5"
"HSM09","House Construction Cost Index","1977M04","1977M04","-","State","Base Jan 1991=100","26.6"
"HSM09","House Construction Cost Index","1977M05","1977M05","-","State","Base Jan 1991=100","26.7"
"HSM09","House Construction Cost Index","1977M06","1977M06","-","State","Base Jan 1991=100","26.9"
"HSM09","House Construction Cost Index","1977M07","1977M07","-","State","Base Jan 1991=100","27"
"HSM09","House Construction Cost Index","1977M08","1977M08","-","State","Base Jan 1991=100","27.1"
"HSM09","House Construction Cost Index","1977M09","1977M09","-","State","Base Jan 1991=100","27.7"
"HSM09","House Construction Cost Index","1977M10","1977M10","-","State","Base Jan 1991=100","27.7"
"HSM09","House Construction Cost Index","1977M11","1977M11","-","State","Base Jan 1991=100","27.8"
"HSM09","House Construction Cost Index","1977M12","1977M12","-","State","Base Jan 1991=100","27.8"
"HSM09","House Construction Cost Index","1978M01","1978M01","-","State","Base Jan 1991=100","28.7"
"HSM09","House Construction Cost Index","1978M02","1978M02","-","State","Base Jan 1991=100","28.7"
"HSM09","House Construction Cost Index","1978M03","1978M03","-","State","Base Jan 1991=100","28.7"
"HSM09","House Construction Cost Index","1978M04","1978M04","-","State","Base Jan 1991=100","29.3"
"HSM09","House Construction Cost Index","1978M05","1978M05","-","State","Base Jan 1991=100","29.5"
"HSM09","House Construction Cost Index","1978M06","1978M06","-","State","Base Jan 1991=100","29.6"
"HSM09","House Construction Cost Index","1978M07","1978M07","-","State","Base Jan 1991=100","29.8"
"HSM09","House Construction Cost Index","1978M08","1978M08","-","State","Base Jan 1991=100","29.8"
"HSM09","House Construction Cost Index","1978M09","1978M09","-","State","Base Jan 1991=100","29.8"
"HSM09","House Construction Cost Index","1978M10","1978M10","-","State","Base Jan 1991=100","29.9"
"HSM09","House Construction Cost Index","1978M11","1978M11","-","State","Base Jan 1991=100","30.4"
"HSM09","House Construction Cost Index","1978M12","1978M12","-","State","Base Jan 1991=100","30.5"
"HSM09","House Construction Cost Index","1979M01","1979M01","-","State","Base Jan 1991=100","30.8"
"HSM09","House Construction Cost Index","1979M02","1979M02","-","State","Base Jan 1991=100","31.4"
"HSM09","House Construction Cost Index","1979M03","1979M03","-","State","Base Jan 1991=100","31.5"
"HSM09","House Construction Cost Index","1979M04","1979M04","-","State","Base Jan 1991=100","33.4"
"HSM09","House Construction Cost Index","1979M05","1979M05","-","State","Base Jan 1991=100","33.5"
"HSM09","House Construction Cost Index","1979M06","1979M06","-","State","Base Jan 1991=100","33.7"
"HSM09","House Construction Cost Index","1979M07","1979M07","-","State","Base Jan 1991=100","35.1"
"HSM09","House Construction Cost Index","1979M08","1979M08","-","State","Base Jan 1991=100","35.5"
"HSM09","House Construction Cost Index","1979M09","1979M09","-","State","Base Jan 1991=100","36"
"HSM09","House Construction Cost Index","1979M10","1979M10","-","State","Base Jan 1991=100","36.4"
"HSM09","House Construction Cost Index","1979M11","1979M11","-","State","Base Jan 1991=100","36.8"
"HSM09","House Construction Cost Index","1979M12","1979M12","-","State","Base Jan 1991=100","36.8"
"HSM09","House Construction Cost Index","1980M01","1980M01","-","State","Base Jan 1991=100","39.7"
"HSM09","House Construction Cost Index","1980M02","1980M02","-","State","Base Jan 1991=100","39.9"
"HSM09","House Construction Cost Index","1980M03","1980M03","-","State","Base Jan 1991=100","40.1"
"HSM09","House Construction Cost Index","1980M04","1980M04","-","State","Base Jan 1991=100","41.2"
"HSM09","House Construction Cost Index","1980M05","1980M05","-","State","Base Jan 1991=100","41.5"
"HSM09","House Construction Cost Index","1980M06","1980M06","-","State","Base Jan 1991=100","41.7"
"HSM09","House Construction Cost Index","1980M07","1980M07","-","State","Base Jan 1991=100","41.7"
"HSM09","House Construction Cost Index","1980M08","1980M08","-","State","Base Jan 1991=100","43.9"
"HSM09","House Construction Cost Index","1980M09","1980M09","-","State","Base Jan 1991=100","43.9"
"HSM09","House Construction Cost Index","1980M10","1980M10","-","State","Base Jan 1991=100","44.2"
"HSM09","House Construction Cost Index","1980M11","1980M11","-","State","Base Jan 1991=100","45"
"HSM09","House Construction Cost Index","1980M12","1980M12","-","State","Base Jan 1991=100","45.2"
"HSM09","House Construction Cost Index","1981M01","1981M01","-","State","Base Jan 1991=100","45.2"
"HSM09","House Construction Cost Index","1981M02","1981M02","-","State","Base Jan 1991=100","46.4"
"HSM09","House Construction Cost Index","1981M03","1981M03","-","State","Base Jan 1991=100","46.9"
"HSM09","House Construction Cost Index","1981M04","1981M04","-","State","Base Jan 1991=100","50.5"
"HSM09","House Construction Cost Index","1981M05","1981M05","-","State","Base Jan 1991=100","50.9"
"HSM09","House Construction Cost Index","1981M06","1981M06","-","State","Base Jan 1991=100","51.7"
"HSM09","House Construction Cost Index","1981M07","1981M07","-","State","Base Jan 1991=100","51.7"
"HSM09","House Construction Cost Index","1981M08","1981M08","-","State","Base Jan 1991=100","51.9"
"HSM09","House Construction Cost Index","1981M09","1981M09","-","State","Base Jan 1991=100","52.2"
"HSM09","House Construction Cost Index","1981M10","1981M10","-","State","Base Jan 1991=100","52.1"
"HSM09","House Construction Cost Index","1981M11","1981M11","-","State","Base Jan 1991=100","52.6"
"HSM09","House Construction Cost Index","1981M12","1981M12","-","State","Base Jan 1991=100","52.4"
"HSM09","House Construction Cost Index","1982M01","1982M01","-","State","Base Jan 1991=100","54.8"
"HSM09","House Construction Cost Index","1982M02","1982M02","-","State","Base Jan 1991=100","55"
"HSM09","House Construction Cost Index","1982M03","1982M03","-","State","Base Jan 1991=100","55.4"
"HSM09","House Construction Cost Index","1982M04","1982M04","-","State","Base Jan 1991=100","56.3"
"HSM09","House Construction Cost Index","1982M05","1982M05","-","State","Base Jan 1991=100","56.9"
"HSM09","House Construction Cost Index","1982M06","1982M06","-","State","Base Jan 1991=100","57.2"
"HSM09","House Construction Cost Index","1982M07","1982M07","-","State","Base Jan 1991=100","57.9"
"HSM09","House Construction Cost Index","1982M08","1982M08","-","State","Base Jan 1991=100","58.1"
"HSM09","House Construction Cost Index","1982M09","1982M09","-","State","Base Jan 1991=100","59.2"
"HSM09","House Construction Cost Index","1982M10","1982M10","-","State","Base Jan 1991=100","59.2"
"HSM09","House Construction Cost Index","1982M11","1982M11","-","State","Base Jan 1991=100","59.3"
"HSM09","House Construction Cost Index","1982M12","1982M12","-","State","Base Jan 1991=100","59.4"
"HSM09","House Construction Cost Index","1983M01","1983M01","-","State","Base Jan 1991=100","54.8"
"HSM09","House Construction Cost Index","1983M02","1983M02","-","State","Base Jan 1991=100","55"
"HSM09","House Construction Cost Index","1983M03","1983M03","-","State","Base Jan 1991=100","55.4"
"HSM09","House Construction Cost Index","1983M04","1983M04","-","State","Base Jan 1991=100","56.3"
"HSM09","House Construction Cost Index","1983M05","1983M05","-","State","Base Jan 1991=100","56.9"
"HSM09","House Construction Cost Index","1983M06","1983M06","-","State","Base Jan 1991=100","57.2"
"HSM09","House Construction Cost Index","1983M07","1983M07","-","State","Base Jan 1991=100","57.9"
"HSM09","House Construction Cost Index","1983M08","1983M08","-","State","Base Jan 1991=100","58.1"
"HSM09","House Construction Cost Index","1983M09","1983M09","-","State","Base Jan 1991=100","59.2"
"HSM09","House Construction Cost Index","1983M10","1983M10","-","State","Base Jan 1991=100","59.2"
"HSM09","House Construction Cost Index","1983M11","1983M11","-","State","Base Jan 1991=100","59.3"
"HSM09","House Construction Cost Index","1983M12","1983M12","-","State","Base Jan 1991=100","59.4"
"HSM09","House Construction Cost Index","1984M01","1984M01","-","State","Base Jan 1991=100","66.1"
"HSM09","House Construction Cost Index","1984M02","1984M02","-","State","Base Jan 1991=100","66.2"
"HSM09","House Construction Cost Index","1984M03","1984M03","-","State","Base Jan 1991=100","66.9"
"HSM09","House Construction Cost Index","1984M04","1984M04","-","State","Base Jan 1991=100","67.7"
"HSM09","House Construction Cost Index","1984M05","1984M05","-","State","Base Jan 1991=100","67.9"
"HSM09","House Construction Cost Index","1984M06","1984M06","-","State","Base Jan 1991=100","68"
"HSM09","House Construction Cost Index","1984M07","1984M07","-","State","Base Jan 1991=100","68.1"
"HSM09","House Construction Cost Index","1984M08","1984M08","-","State","Base Jan 1991=100","68.9"
"HSM09","House Construction Cost Index","1984M09","1984M09","-","State","Base Jan 1991=100","69.7"
"HSM09","House Construction Cost Index","1984M10","1984M10","-","State","Base Jan 1991=100","70.3"
"HSM09","House Construction Cost Index","1984M11","1984M11","-","State","Base Jan 1991=100","70.3"
"HSM09","House Construction Cost Index","1984M12","1984M12","-","State","Base Jan 1991=100","70.9"
"HSM09","House Construction Cost Index","1985M01","1985M01","-","State","Base Jan 1991=100","71.2"
"HSM09","House Construction Cost Index","1985M02","1985M02","-","State","Base Jan 1991=100","71.2"
"HSM09","House Construction Cost Index","1985M03","1985M03","-","State","Base Jan 1991=100","71.3"
"HSM09","House Construction Cost Index","1985M04","1985M04","-","State","Base Jan 1991=100","73.2"
"HSM09","House Construction Cost Index","1985M05","1985M05","-","State","Base Jan 1991=100","77.1"
"HSM09","House Construction Cost Index","1985M06","1985M06","-","State","Base Jan 1991=100","77.1"
"HSM09","House Construction Cost Index","1985M07","1985M07","-","State","Base Jan 1991=100","77.1"
"HSM09","House Construction Cost Index","1985M08","1985M08","-","State","Base Jan 1991=100","78.8"
"HSM09","House Construction Cost Index","1985M09","1985M09","-","State","Base Jan 1991=100","78.8"
"HSM09","House Construction Cost Index","1985M10","1985M10","-","State","Base Jan 1991=100","78.9"
"HSM09","House Construction Cost Index","1985M11","1985M11","-","State","Base Jan 1991=100","79"
"HSM09","House Construction Cost Index","1985M12","1985M12","-","State","Base Jan 1991=100","79"
"HSM09","House Construction Cost Index","1986M01","1986M01","-","State","Base Jan 1991=100","79"
"HSM09","House Construction Cost Index","1986M02","1986M02","-","State","Base Jan 1991=100","81.4"
"HSM09","House Construction Cost Index","1986M03","1986M03","-","State","Base Jan 1991=100","81.5"
"HSM09","House Construction Cost Index","1986M04","1986M04","-","State","Base Jan 1991=100","81.5"
"HSM09","House Construction Cost Index","1986M05","1986M05","-","State","Base Jan 1991=100","81.7"
"HSM09","House Construction Cost Index","1986M06","1986M06","-","State","Base Jan 1991=100","81.7"
"HSM09","House Construction Cost Index","1986M07","1986M07","-","State","Base Jan 1991=100","81.7"
"HSM09","House Construction Cost Index","1986M08","1986M08","-","State","Base Jan 1991=100","82.3"
"HSM09","House Construction Cost Index","1986M09","1986M09","-","State","Base Jan 1991=100","82.3"
"HSM09","House Construction Cost Index","1986M10","1986M10","-","State","Base Jan 1991=100","82.6"
"HSM09","House Construction Cost Index","1986M11","1986M11","-","State","Base Jan 1991=100","82.6"
"HSM09","House Construction Cost Index","1986M12","1986M12","-","State","Base Jan 1991=100","82.6"
"HSM09","House Construction Cost Index","1987M01","1987M01","-","State","Base Jan 1991=100","82.7"
"HSM09","House Construction Cost Index","1987M02","1987M02","-","State","Base Jan 1991=100","83.7"
"HSM09","House Construction Cost Index","1987M03","1987M03","-","State","Base Jan 1991=100","83.8"
"HSM09","House Construction Cost Index","1987M04","1987M04","-","State","Base Jan 1991=100","83.8"
"HSM09","House Construction Cost Index","1987M05","1987M05","-","State","Base Jan 1991=100","83.9"
"HSM09","House Construction Cost Index","1987M06","1987M06","-","State","Base Jan 1991=100","85.4"
"HSM09","House Construction Cost Index","1987M07","1987M07","-","State","Base Jan 1991=100","85.5"
"HSM09","House Construction Cost Index","1987M08","1987M08","-","State","Base Jan 1991=100","85.6"
"HSM09","House Construction Cost Index","1987M09","1987M09","-","State","Base Jan 1991=100","85.6"
"HSM09","House Construction Cost Index","1987M10","1987M10","-","State","Base Jan 1991=100","85.7"
"HSM09","House Construction Cost Index","1987M11","1987M11","-","State","Base Jan 1991=100","85.7"
"HSM09","House Construction Cost Index","1987M12","1987M12","-","State","Base Jan 1991=100","85.7"
"HSM09","House Construction Cost Index","1988M01","1988M01","-","State","Base Jan 1991=100","85.7"
"HSM09","House Construction Cost Index","1988M02","1988M02","-","State","Base Jan 1991=100","86.3"
"HSM09","House Construction Cost Index","1988M03","1988M03","-","State","Base Jan 1991=100","86.4"
"HSM09","House Construction Cost Index","1988M04","1988M04","-","State","Base Jan 1991=100","87.7"
"HSM09","House Construction Cost Index","1988M05","1988M05","-","State","Base Jan 1991=100","87.8"
"HSM09","House Construction Cost Index","1988M06","1988M06","-","State","Base Jan 1991=100","87.8"
"HSM09","House Construction Cost Index","1988M07","1988M07","-","State","Base Jan 1991=100","88.3"
"HSM09","House Construction Cost Index","1988M08","1988M08","-","State","Base Jan 1991=100","89"
"HSM09","House Construction Cost Index","1988M09","1988M09","-","State","Base Jan 1991=100","89"
"HSM09","House Construction Cost Index","1988M10","1988M10","-","State","Base Jan 1991=100","90.1"
"HSM09","House Construction Cost Index","1988M11","1988M11","-","State","Base Jan 1991=100","90.1"
"HSM09","House Construction Cost Index","1988M12","1988M12","-","State","Base Jan 1991=100","90.1"
"HSM09","House Construction Cost Index","1989M01","1989M01","-","State","Base Jan 1991=100","91.1"
"HSM09","House Construction Cost Index","1989M02","1989M02","-","State","Base Jan 1991=100","91.8"
"HSM09","House Construction Cost Index","1989M03","1989M03","-","State","Base Jan 1991=100","91.9"
"HSM09","House Construction Cost Index","1989M04","1989M04","-","State","Base Jan 1991=100","94.6"
"HSM09","House Construction Cost Index","1989M05","1989M05","-","State","Base Jan 1991=100","94.6"
"HSM09","House Construction Cost Index","1989M06","1989M06","-","State","Base Jan 1991=100","94.7"
"HSM09","House Construction Cost Index","1989M07","1989M07","-","State","Base Jan 1991=100","94.7"
"HSM09","House Construction Cost Index","1989M08","1989M08","-","State","Base Jan 1991=100","94.8"
"HSM09","House Construction Cost Index","1989M09","1989M09","-","State","Base Jan 1991=100","94.8"
"HSM09","House Construction Cost Index","1989M10","1989M10","-","State","Base Jan 1991=100","95.5"
"HSM09","House Construction Cost Index","1989M11","1989M11","-","State","Base Jan 1991=100","95.8"
"HSM09","House Construction Cost Index","1989M12","1989M12","-","State","Base Jan 1991=100","95.8"
"HSM09","House Construction Cost Index","1990M01","1990M01","-","State","Base Jan 1991=100","95.8"
"HSM09","House Construction Cost Index","1990M02","1990M02","-","State","Base Jan 1991=100","96.9"
"HSM09","House Construction Cost Index","1990M03","1990M03","-","State","Base Jan 1991=100","96.9"
"HSM09","House Construction Cost Index","1990M04","1990M04","-","State","Base Jan 1991=100","97.7"
"HSM09","House Construction Cost Index","1990M05","1990M05","-","State","Base Jan 1991=100","98.9"
"HSM09","House Construction Cost Index","1990M06","1990M06","-","State","Base Jan 1991=100","98.9"
"HSM09","House Construction Cost Index","1990M07","1990M07","-","State","Base Jan 1991=100","98.9"
"HSM09","House Construction Cost Index","1990M08","1990M08","-","State","Base Jan 1991=100","99.8"
"HSM09","House Construction Cost Index","1990M09","1990M09","-","State","Base Jan 1991=100","100"
"HSM09","House Construction Cost Index","1990M10","1990M10","-","State","Base Jan 1991=100","100"
"HSM09","House Construction Cost Index","1990M11","1990M11","-","State","Base Jan 1991=100","100"
"HSM09","House Construction Cost Index","1990M12","1990M12","-","State","Base Jan 1991=100","99.9"
"HSM09","House Construction Cost Index","1991M01","1991M01","-","State","Base Jan 1991=100","100"
"HSM09","House Construction Cost Index","1991M02","1991M02","-","State","Base Jan 1991=100","100.7"
"HSM09","House Construction Cost Index","1991M03","1991M03","-","State","Base Jan 1991=100","100.8"
"HSM09","House Construction Cost Index","1991M04","1991M04","-","State","Base Jan 1991=100","102.6"
"HSM09","House Construction Cost Index","1991M05","1991M05","-","State","Base Jan 1991=100","102.7"
"HSM09","House Construction Cost Index","1991M06","1991M06","-","State","Base Jan 1991=100","102.7"
"HSM09","House Construction Cost Index","1991M07","1991M07","-","State","Base Jan 1991=100","102.7"
"HSM09","House Construction Cost Index","1991M08","1991M08","-","State","Base Jan 1991=100","102.7"
"HSM09","House Construction Cost Index","1991M09","1991M09","-","State","Base Jan 1991=100","103.3"
"HSM09","House Construction Cost Index","1991M10","1991M10","-","State","Base Jan 1991=100","103"
"HSM09","House Construction Cost Index","1991M11","1991M11","-","State","Base Jan 1991=100","103"
"HSM09","House Construction Cost Index","1991M12","1991M12","-","State","Base Jan 1991=100","102.5"
"HSM09","House Construction Cost Index","1992M01","1992M01","-","State","Base Jan 1991=100","102.6"
"HSM09","House Construction Cost Index","1992M02","1992M02","-","State","Base Jan 1991=100","103.4"
"HSM09","House Construction Cost Index","1992M03","1992M03","-","State","Base Jan 1991=100","103.5"
"HSM09","House Construction Cost Index","1992M04","1992M04","-","State","Base Jan 1991=100","104.9"
"HSM09","House Construction Cost Index","1992M05","1992M05","-","State","Base Jan 1991=100","104.9"
"HSM09","House Construction Cost Index","1992M06","1992M06","-","State","Base Jan 1991=100","104.9"
"HSM09","House Construction Cost Index","1992M07","1992M07","-","State","Base Jan 1991=100","105"
"HSM09","House Construction Cost Index","1992M08","1992M08","-","State","Base Jan 1991=100","105"
"HSM09","House Construction Cost Index","1992M09","1992M09","-","State","Base Jan 1991=100","105.5"
"HSM09","House Construction Cost Index","1992M10","1992M10","-","State","Base Jan 1991=100","105.5"
"HSM09","House Construction Cost Index","1992M11","1992M11","-","State","Base Jan 1991=100","105.4"
"HSM09","House Construction Cost Index","1992M12","1992M12","-","State","Base Jan 1991=100","105.2"
"HSM09","House Construction Cost Index","1993M01","1993M01","-","State","Base Jan 1991=100","105.3"
"HSM09","House Construction Cost Index","1993M02","1993M02","-","State","Base Jan 1991=100","105.1"
"HSM09","House Construction Cost Index","1993M03","1993M03","-","State","Base Jan 1991=100","105.1"
"HSM09","House Construction Cost Index","1993M04","1993M04","-","State","Base Jan 1991=100","107.6"
"HSM09","House Construction Cost Index","1993M05","1993M05","-","State","Base Jan 1991=100","107.7"
"HSM09","House Construction Cost Index","1993M06","1993M06","-","State","Base Jan 1991=100","107.7"
"HSM09","House Construction Cost Index","1993M07","1993M07","-","State","Base Jan 1991=100","107.8"
"HSM09","House Construction Cost Index","1993M08","1993M08","-","State","Base Jan 1991=100","107.8"
"HSM09","House Construction Cost Index","1993M09","1993M09","-","State","Base Jan 1991=100","108.2"
"HSM09","House Construction Cost Index","1993M10","1993M10","-","State","Base Jan 1991=100","108.4"
"HSM09","House Construction Cost Index","1993M11","1993M11","-","State","Base Jan 1991=100","108.4"
"HSM09","House Construction Cost Index","1993M12","1993M12","-","State","Base Jan 1991=100","108.7"
"HSM09","House Construction Cost Index","1994M01","1994M01","-","State","Base Jan 1991=100","109.2"
"HSM09","House Construction Cost Index","1994M02","1994M02","-","State","Base Jan 1991=100","109.3"
"HSM09","House Construction Cost Index","1994M03","1994M03","-","State","Base Jan 1991=100","109.4"
"HSM09","House Construction Cost Index","1994M04","1994M04","-","State","Base Jan 1991=100","110.3"
"HSM09","House Construction Cost Index","1994M05","1994M05","-","State","Base Jan 1991=100","110.1"
"HSM09","House Construction Cost Index","1994M06","1994M06","-","State","Base Jan 1991=100","110.6"
"HSM09","House Construction Cost Index","1994M07","1994M07","-","State","Base Jan 1991=100","110.7"
"HSM09","House Construction Cost Index","1994M08","1994M08","-","State","Base Jan 1991=100","110.9"
"HSM09","House Construction Cost Index","1994M09","1994M09","-","State","Base Jan 1991=100","112.2"
"HSM09","House Construction Cost Index","1994M10","1994M10","-","State","Base Jan 1991=100","112.7"
"HSM09","House Construction Cost Index","1994M11","1994M11","-","State","Base Jan 1991=100","112.9"
"HSM09","House Construction Cost Index","1994M12","1994M12","-","State","Base Jan 1991=100","113.1"
"HSM09","House Construction Cost Index","1995M01","1995M01","-","State","Base Jan 1991=100","113.5"
"HSM09","House Construction Cost Index","1995M02","1995M02","-","State","Base Jan 1991=100","114.1"
"HSM09","House Construction Cost Index","1995M03","1995M03","-","State","Base Jan 1991=100","114.1"
"HSM09","House Construction Cost Index","1995M04","1995M04","-","State","Base Jan 1991=100","114.1"
"HSM09","House Construction Cost Index","1995M05","1995M05","-","State","Base Jan 1991=100","114.1"
"HSM09","House Construction Cost Index","1995M06","1995M06","-","State","Base Jan 1991=100","114.1"
"HSM09","House Construction Cost Index","1995M07","1995M07","-","State","Base Jan 1991=100","114.5"
"HSM09","House Construction Cost Index","1995M08","1995M08","-","State","Base Jan 1991=100","114.5"
"HSM09","House Construction Cost Index","1995M09","1995M09","-","State","Base Jan 1991=100","115.7"
"HSM09","House Construction Cost Index","1995M10","1995M10","-","State","Base Jan 1991=100","115.8"
"HSM09","House Construction Cost Index","1995M11","1995M11","-","State","Base Jan 1991=100","115.9"
"HSM09","House Construction Cost Index","1995M12","1995M12","-","State","Base Jan 1991=100","115.9"
"HSM09","House Construction Cost Index","1996M01","1996M01","-","State","Base Jan 1991=100","115.9"
"HSM09","House Construction Cost Index","1996M02","1996M02","-","State","Base Jan 1991=100","115.7"
"HSM09","House Construction Cost Index","1996M03","1996M03","-","State","Base Jan 1991=100","115.9"
"HSM09","House Construction Cost Index","1996M04","1996M04","-","State","Base Jan 1991=100","115.9"
"HSM09","House Construction Cost Index","1996M05","1996M05","-","State","Base Jan 1991=100","115.9"
"HSM09","House Construction Cost Index","1996M06","1996M06","-","State","Base Jan 1991=100","116"
"HSM09","House Construction Cost Index","1996M07","1996M07","-","State","Base Jan 1991=100","116"
"HSM09","House Construction Cost Index","1996M08","1996M08","-","State","Base Jan 1991=100","116"
"HSM09","House Construction Cost Index","1996M09","1996M09","-","State","Base Jan 1991=100","116.9"
"HSM09","House Construction Cost Index","1996M10","1996M10","-","State","Base Jan 1991=100","117.1"
"HSM09","House Construction Cost Index","1996M11","1996M11","-","State","Base Jan 1991=100","117.2"
"HSM09","House Construction Cost Index","1996M12","1996M12","-","State","Base Jan 1991=100","117.2"
"HSM09","House Construction Cost Index","1997M01","1997M01","-","State","Base Jan 1991=100","118"
"HSM09","House Construction Cost Index","1997M02","1997M02","-","State","Base Jan 1991=100","118.5"
"HSM09","House Construction Cost Index","1997M03","1997M03","-","State","Base Jan 1991=100","118.8"
"HSM09","House Construction Cost Index","1997M04","1997M04","-","State","Base Jan 1991=100","119.8"
"HSM09","House Construction Cost Index","1997M05","1997M05","-","State","Base Jan 1991=100","119.8"
"HSM09","House Construction Cost Index","1997M06","1997M06","-","State","Base Jan 1991=100","119.9"
"HSM09","House Construction Cost Index","1997M07","1997M07","-","State","Base Jan 1991=100","120.8"
"HSM09","House Construction Cost Index","1997M08","1997M08","-","State","Base Jan 1991=100","121"
"HSM09","House Construction Cost Index","1997M09","1997M09","-","State","Base Jan 1991=100","121.5"
"HSM09","House Construction Cost Index","1997M10","1997M10","-","State","Base Jan 1991=100","122"
"HSM09","House Construction Cost Index","1997M11","1997M11","-","State","Base Jan 1991=100","122.6"
"HSM09","House Construction Cost Index","1997M12","1997M12","-","State","Base Jan 1991=100","122.6"
"HSM09","House Construction Cost Index","1998M01","1998M01","-","State","Base Jan 1991=100","122.9"
"HSM09","House Construction Cost Index","1998M02","1998M02","-","State","Base Jan 1991=100","123.1"
"HSM09","House Construction Cost Index","1998M03","1998M03","-","State","Base Jan 1991=100","123.8"
"HSM09","House Construction Cost Index","1998M04","1998M04","-","State","Base Jan 1991=100","123.8"
"HSM09","House Construction Cost Index","1998M05","1998M05","-","State","Base Jan 1991=100","124.5"
"HSM09","House Construction Cost Index","1998M06","1998M06","-","State","Base Jan 1991=100","124.5"
"HSM09","House Construction Cost Index","1998M07","1998M07","-","State","Base Jan 1991=100","125.7"
"HSM09","House Construction Cost Index","1998M08","1998M08","-","State","Base Jan 1991=100","125.7"
"HSM09","House Construction Cost Index","1998M09","1998M09","-","State","Base Jan 1991=100","126"
"HSM09","House Construction Cost Index","1998M10","1998M10","-","State","Base Jan 1991=100","126.2"
"HSM09","House Construction Cost Index","1998M11","1998M11","-","State","Base Jan 1991=100","126.2"
"HSM09","House Construction Cost Index","1998M12","1998M12","-","State","Base Jan 1991=100","126.1"
"HSM09","House Construction Cost Index","1999M01","1999M01","-","State","Base Jan 1991=100","126.3"
"HSM09","House Construction Cost Index","1999M02","1999M02","-","State","Base Jan 1991=100","126.4"
"HSM09","House Construction Cost Index","1999M03","1999M03","-","State","Base Jan 1991=100","126.5"
"HSM09","House Construction Cost Index","1999M04","1999M04","-","State","Base Jan 1991=100","130.5"
"HSM09","House Construction Cost Index","1999M05","1999M05","-","State","Base Jan 1991=100","130.5"
"HSM09","House Construction Cost Index","1999M06","1999M06","-","State","Base Jan 1991=100","130.5"
"HSM09","House Construction Cost Index","1999M07","1999M07","-","State","Base Jan 1991=100","131.5"
"HSM09","House Construction Cost Index","1999M08","1999M08","-","State","Base Jan 1991=100","131.5"
"HSM09","House Construction Cost Index","1999M09","1999M09","-","State","Base Jan 1991=100","134.1"
"HSM09","House Construction Cost Index","1999M10","1999M10","-","State","Base Jan 1991=100","134.7"
"HSM09","House Construction Cost Index","1999M11","1999M11","-","State","Base Jan 1991=100","134.8"
"HSM09","House Construction Cost Index","1999M12","1999M12","-","State","Base Jan 1991=100","134.9"
"HSM09","House Construction Cost Index","2000M01","2000M01","-","State","Base Jan 1991=100","135.8"
"HSM09","House Construction Cost Index","2000M02","2000M02","-","State","Base Jan 1991=100","136.1"
"HSM09","House Construction Cost Index","2000M03","2000M03","-","State","Base Jan 1991=100","136.4"
"HSM09","House Construction Cost Index","2000M04","2000M04","-","State","Base Jan 1991=100","136.5"
"HSM09","House Construction Cost Index","2000M05","2000M05","-","State","Base Jan 1991=100","136.8"
"HSM09","House Construction Cost Index","2000M06","2000M06","-","State","Base Jan 1991=100","136.9"
"HSM09","House Construction Cost Index","2000M07","2000M07","-","State","Base Jan 1991=100","137.2"
"HSM09","House Construction Cost Index","2000M08","2000M08","-","State","Base Jan 1991=100","137.2"
"HSM09","House Construction Cost Index","2000M09","2000M09","-","State","Base Jan 1991=100","137.7"
"HSM09","House Construction Cost Index","2000M10","2000M10","-","State","Base Jan 1991=100","153.8"
"HSM09","House Construction Cost Index","2000M11","2000M11","-","State","Base Jan 1991=100","153.8"
"HSM09","House Construction Cost Index","2000M12","2000M12","-","State","Base Jan 1991=100","153.9"
"HSM09","House Construction Cost Index","2001M01","2001M01","-","State","Base Jan 1991=100","154.3"
"HSM09","House Construction Cost Index","2001M02","2001M02","-","State","Base Jan 1991=100","154.7"
"HSM09","House Construction Cost Index","2001M03","2001M03","-","State","Base Jan 1991=100","155.6"
"HSM09","House Construction Cost Index","2001M04","2001M04","-","State","Base Jan 1991=100","157.4"
"HSM09","House Construction Cost Index","2001M05","2001M05","-","State","Base Jan 1991=100","157.6"
"HSM09","House Construction Cost Index","2001M06","2001M06","-","State","Base Jan 1991=100","157.7"
"HSM09","House Construction Cost Index","2001M07","2001M07","-","State","Base Jan 1991=100","161.1"
"HSM09","House Construction Cost Index","2001M08","2001M08","-","State","Base Jan 1991=100","165.9"
"HSM09","House Construction Cost Index","2001M09","2001M09","-","State","Base Jan 1991=100","166"
"HSM09","House Construction Cost Index","2001M10","2001M10","-","State","Base Jan 1991=100","169.3"
"HSM09","House Construction Cost Index","2001M11","2001M11","-","State","Base Jan 1991=100","169.4"
"HSM09","House Construction Cost Index","2001M12","2001M12","-","State","Base Jan 1991=100","169.3"
"HSM09","House Construction Cost Index","2002M01","2002M01","-","State","Base Jan 1991=100","169.9"
"HSM09","House Construction Cost Index","2002M02","2002M02","-","State","Base Jan 1991=100","170"
"HSM09","House Construction Cost Index","2002M03","2002M03","-","State","Base Jan 1991=100","169.5"
"HSM09","House Construction Cost Index","2002M04","2002M04","-","State","Base Jan 1991=100","169.5"
"HSM09","House Construction Cost Index","2002M05","2002M05","-","State","Base Jan 1991=100","169.5"
"HSM09","House Construction Cost Index","2002M06","2002M06","-","State","Base Jan 1991=100","169.7"
"HSM09","House Construction Cost Index","2002M07","2002M07","-","State","Base Jan 1991=100","173.8"
"HSM09","House Construction Cost Index","2002M08","2002M08","-","State","Base Jan 1991=100","173.9"
"HSM09","House Construction Cost Index","2002M09","2002M09","-","State","Base Jan 1991=100","173.9"
"HSM09","House Construction Cost Index","2002M10","2002M10","-","State","Base Jan 1991=100","173.9"
"HSM09","House Construction Cost Index","2002M11","2002M11","-","State","Base Jan 1991=100","174"
"HSM09","House Construction Cost Index","2002M12","2002M12","-","State","Base Jan 1991=100","174.1"
"HSM09","House Construction Cost Index","2003M01","2003M01","-","State","Base Jan 1991=100","174.2"
"HSM09","House Construction Cost Index","2003M02","2003M02","-","State","Base Jan 1991=100","174.5"
"HSM09","House Construction Cost Index","2003M03","2003M03","-","State","Base Jan 1991=100","174.5"
"HSM09","House Construction Cost Index","2003M04","2003M04","-","State","Base Jan 1991=100","177.3"
"HSM09","House Construction Cost Index","2003M05","2003M05","-","State","Base Jan 1991=100","177.3"
"HSM09","House Construction Cost Index","2003M06","2003M06","-","State","Base Jan 1991=100","177.4"
"HSM09","House Construction Cost Index","2003M07","2003M07","-","State","Base Jan 1991=100","177.1"
"HSM09","House Construction Cost Index","2003M08","2003M08","-","State","Base Jan 1991=100","177.2"
"HSM09","House Construction Cost Index","2003M09","2003M09","-","State","Base Jan 1991=100","177.2"
"HSM09","House Construction Cost Index","2003M10","2003M10","-","State","Base Jan 1991=100","177.2"
"HSM09","House Construction Cost Index","2003M11","2003M11","-","State","Base Jan 1991=100","177.2"
"HSM09","House Construction Cost Index","2003M12","2003M12","-","State","Base Jan 1991=100","177.2"
"HSM09","House Construction Cost Index","2004M01","2004M01","-","State","Base Jan 1991=100","179.6"
"HSM09","House Construction Cost Index","2004M02","2004M02","-","State","Base Jan 1991=100","179.7"
"HSM09","House Construction Cost Index","2004M03","2004M03","-","State","Base Jan 1991=100","179.9"
"HSM09","House Construction Cost Index","2004M04","2004M04","-","State","Base Jan 1991=100","179.9"
"HSM09","House Construction Cost Index","2004M05","2004M05","-","State","Base Jan 1991=100","180"
"HSM09","House Construction Cost Index","2004M06","2004M06","-","State","Base Jan 1991=100","180.2"
"HSM09","House Construction Cost Index","2004M07","2004M07","-","State","Base Jan 1991=100","182.1"
"HSM09","House Construction Cost Index","2004M08","2004M08","-","State","Base Jan 1991=100","182.2"
"HSM09","House Construction Cost Index","2004M09","2004M09","-","State","Base Jan 1991=100","182.2"
"HSM09","House Construction Cost Index","2004M10","2004M10","-","State","Base Jan 1991=100","183.9"
"HSM09","House Construction Cost Index","2004M11","2004M11","-","State","Base Jan 1991=100","184.2"
"HSM09","House Construction Cost Index","2004M12","2004M12","-","State","Base Jan 1991=100","184.2"
"HSM09","House Construction Cost Index","2005M01","2005M01","-","State","Base Jan 1991=100","184.7"
"HSM09","House Construction Cost Index","2005M02","2005M02","-","State","Base Jan 1991=100","184.8"
"HSM09","House Construction Cost Index","2005M03","2005M03","-","State","Base Jan 1991=100","184.9"
"HSM09","House Construction Cost Index","2005M04","2005M04","-","State","Base Jan 1991=100","186.5"
"HSM09","House Construction Cost Index","2005M05","2005M05","-","State","Base Jan 1991=100","186.6"
"HSM09","House Construction Cost Index","2005M06","2005M06","-","State","Base Jan 1991=100","186.6"
"HSM09","House Construction Cost Index","2005M07","2005M07","-","State","Base Jan 1991=100","186.7"
"HSM09","House Construction Cost Index","2005M08","2005M08","-","State","Base Jan 1991=100","186.9"
"HSM09","House Construction Cost Index","2005M09","2005M09","-","State","Base Jan 1991=100","186.9"
"HSM09","House Construction Cost Index","2005M10","2005M10","-","State","Base Jan 1991=100","189.5"
"HSM09","House Construction Cost Index","2005M11","2005M11","-","State","Base Jan 1991=100","189.4"
"HSM09","House Construction Cost Index","2005M12","2005M12","-","State","Base Jan 1991=100","189.7"
"HSM09","House Construction Cost Index","2006M01","2006M01","-","State","Base Jan 1991=100","189.9"
"HSM09","House Construction Cost Index","2006M02","2006M02","-","State","Base Jan 1991=100","190.1"
"HSM09","House Construction Cost Index","2006M03","2006M03","-","State","Base Jan 1991=100","190.6"
"HSM09","House Construction Cost Index","2006M04","2006M04","-","State","Base Jan 1991=100","194"
"HSM09","House Construction Cost Index","2006M05","2006M05","-","State","Base Jan 1991=100","194.2"
"HSM09","House Construction Cost Index","2006M06","2006M06","-","State","Base Jan 1991=100","194.3"
"HSM09","House Construction Cost Index","2006M07","2006M07","-","State","Base Jan 1991=100","194.4"
"HSM09","House Construction Cost Index","2006M08","2006M08","-","State","Base Jan 1991=100","194.5"
"HSM09","House Construction Cost Index","2006M09","2006M09","-","State","Base Jan 1991=100","194.6"
"HSM09","House Construction Cost Index","2006M10","2006M10","-","State","Base Jan 1991=100","197.7"
"HSM09","House Construction Cost Index","2006M11","2006M11","-","State","Base Jan 1991=100","198"
"HSM09","House Construction Cost Index","2006M12","2006M12","-","State","Base Jan 1991=100","198.1"
"HSM09","House Construction Cost Index","2007M01","2007M01","-","State","Base Jan 1991=100","198.8"
"HSM09","House Construction Cost Index","2007M02","2007M02","-","State","Base Jan 1991=100","198.8"
"HSM09","House Construction Cost Index","2007M03","2007M03","-","State","Base Jan 1991=100","199.4"
"HSM09","House Construction Cost Index","2007M04","2007M04","-","State","Base Jan 1991=100","200"
"HSM09","House Construction Cost Index","2007M05","2007M05","-","State","Base Jan 1991=100","200.1"
"HSM09","House Construction Cost Index","2007M06","2007M06","-","State","Base Jan 1991=100","200.3"
"HSM09","House Construction Cost Index","2007M07","2007M07","-","State","Base Jan 1991=100","203.7"
"HSM09","House Construction Cost Index","2007M08","2007M08","-","State","Base Jan 1991=100","203.6"
"HSM09","House Construction Cost Index","2007M09","2007M09","-","State","Base Jan 1991=100","203.7"
"HSM09","House Construction Cost Index","2007M10","2007M10","-","State","Base Jan 1991=100","203.8"
"HSM09","House Construction Cost Index","2007M11","2007M11","-","State","Base Jan 1991=100","203.8"
"HSM09","House Construction Cost Index","2007M12","2007M12","-","State","Base Jan 1991=100","204.2"
"HSM09","House Construction Cost Index","2007MO4","2007MO4","-","State","Base Jan 1991=100","200"
"HSM09","House Construction Cost Index","2008M01","2008M01","-","State","Base Jan 1991=100","207.4"
"HSM09","House Construction Cost Index","2008M02","2008M02","-","State","Base Jan 1991=100","208.2"
"HSM09","House Construction Cost Index","2008M03","2008M03","-","State","Base Jan 1991=100","208.6"
"HSM09","House Construction Cost Index","2008M04","2008M04","-","State","Base Jan 1991=100","208.9"
"HSM09","House Construction Cost Index","2008M05","2008M05","-","State","Base Jan 1991=100","209.4"
"HSM09","House Construction Cost Index","2008M06","2008M06","-","State","Base Jan 1991=100","209.9"
"HSM09","House Construction Cost Index","2008M07","2008M07","-","State","Base Jan 1991=100","210.4"
"HSM09","House Construction Cost Index","2008M08","2008M08","-","State","Base Jan 1991=100","210.4"
"HSM09","House Construction Cost Index","2008M09","2008M09","-","State","Base Jan 1991=100","210.5"
"HSM09","House Construction Cost Index","2008M10","2008M10","-","State","Base Jan 1991=100","210.1"
"HSM09","House Construction Cost Index","2008M11","2008M11","-","State","Base Jan 1991=100","209.9"
"HSM09","House Construction Cost Index","2008M12","2008M12","-","State","Base Jan 1991=100","209.3"
"HSM09","House Construction Cost Index","2009M01","2009M01","-","State","Base Jan 1991=100","208"
"HSM09","House Construction Cost Index","2009M02","2009M02","-","State","Base Jan 1991=100","207.3"
"HSM09","House Construction Cost Index","2009M03","2009M03","-","State","Base Jan 1991=100","206.8"
"HSM09","House Construction Cost Index","2009M04","2009M04","-","State","Base Jan 1991=100","206.5"
"HSM09","House Construction Cost Index","2009M05","2009M05","-","State","Base Jan 1991=100","206.5"
"HSM09","House Construction Cost Index","2009M06","2009M06","-","State","Base Jan 1991=100","206"
"HSM09","House Construction Cost Index","2009M07","2009M07","-","State","Base Jan 1991=100","206"
"HSM09","House Construction Cost Index","2009M08","2009M08","-","State","Base Jan 1991=100","206"
"HSM09","House Construction Cost Index","2009M09","2009M09","-","State","Base Jan 1991=100","206.1"
"HSM09","House Construction Cost Index","2009M10","2009M10","-","State","Base Jan 1991=100","206.2"
"HSM09","House Construction Cost Index","2009M11","2009M11","-","State","Base Jan 1991=100","206.2"
"HSM09","House Construction Cost Index","2009M12","2009M12","-","State","Base Jan 1991=100","206.2"
"HSM09","House Construction Cost Index","2010M01","2010M01","-","State","Base Jan 1991=100","206.9"
"HSM09","House Construction Cost Index","2010M02","2010M02","-","State","Base Jan 1991=100","207.2"
"HSM09","House Construction Cost Index","2010M03","2010M03","-","State","Base Jan 1991=100","207.3"
"HSM09","House Construction Cost Index","2010M04","2010M04","-","State","Base Jan 1991=100","207.9"
"HSM09","House Construction Cost Index","2010M05","2010M05","-","State","Base Jan 1991=100","208.7"
"HSM09","House Construction Cost Index","2010M06","2010M06","-","State","Base Jan 1991=100","208.6"
"HSM09","House Construction Cost Index","2010M07","2010M07","-","State","Base Jan 1991=100","209.4"
"HSM09","House Construction Cost Index","2010M08","2010M08","-","State","Base Jan 1991=100","209.6"
"HSM09","House Construction Cost Index","2010M09","2010M09","-","State","Base Jan 1991=100","209.5"
"HSM09","House Construction Cost Index","2010M10","2010M10","-","State","Base Jan 1991=100","209.5"
"HSM09","House Construction Cost Index","2010M11","2010M11","-","State","Base Jan 1991=100","209.5"
"HSM09","House Construction Cost Index","2010M12","2010M12","-","State","Base Jan 1991=100","209.8"
"HSM09","House Construction Cost Index","2011M01","2011M01","-","State","Base Jan 1991=100","210.2"
"HSM09","House Construction Cost Index","2011M02","2011M02","-","State","Base Jan 1991=100","210.5"
"HSM09","House Construction Cost Index","2011M03","2011M03","-","State","Base Jan 1991=100","200.7"
"HSM09","House Construction Cost Index","2011M04","2011M04","-","State","Base Jan 1991=100","201"
"HSM09","House Construction Cost Index","2011M05","2011M05","-","State","Base Jan 1991=100","201.2"
"HSM09","House Construction Cost Index","2011M06","2011M06","-","State","Base Jan 1991=100","201.4"
"HSM09","House Construction Cost Index","2011M07","2011M07","-","State","Base Jan 1991=100","201.5"
"HSM09","House Construction Cost Index","2011M08","2011M08","-","State","Base Jan 1991=100","201.9"
"HSM09","House Construction Cost Index","2011M09","2011M09","-","State","Base Jan 1991=100","202.1"
"HSM09","House Construction Cost Index","2011M10","2011M10","-","State","Base Jan 1991=100","202"
"HSM09","House Construction Cost Index","2011M11","2011M11","-","State","Base Jan 1991=100","202.2"
"HSM09","House Construction Cost Index","2011M12","2011M12","-","State","Base Jan 1991=100","202.3"
"HSM09","House Construction Cost Index","2012M01","2012M01","-","State","Base Jan 1991=100","202.5"
"HSM09","House Construction Cost Index","2012M02","2012M02","-","State","Base Jan 1991=100","202.6"
"HSM09","House Construction Cost Index","2012M03","2012M03","-","State","Base Jan 1991=100","202.7"
"HSM09","House Construction Cost Index","2012M04","2012M04","-","State","Base Jan 1991=100","203.4"
"HSM09","House Construction Cost Index","2012M05","2012M05","-","State","Base Jan 1991=100","203.6"
"HSM09","House Construction Cost Index","2012M06","2012M06","-","State","Base Jan 1991=100","203.6"
"HSM09","House Construction Cost Index","2012M07","2012M07","-","State","Base Jan 1991=100","204.1"
"HSM09","House Construction Cost Index","2012M08","2012M08","-","State","Base Jan 1991=100","204.1"
"HSM09","House Construction Cost Index","2012M09","2012M09","-","State","Base Jan 1991=100","203.7"
"HSM09","House Construction Cost Index","2012M10","2012M10","-","State","Base Jan 1991=100","203.8"
"HSM09","House Construction Cost Index","2012M11","2012M11","-","State","Base Jan 1991=100","204"
"HSM09","House Construction Cost Index","2012M12","2012M12","-","State","Base Jan 1991=100","204.2"
"HSM09","House Construction Cost Index","2013M01","2013M01","-","State","Base Jan 1991=100","204.1"
"HSM09","House Construction Cost Index","2013M02","2013M02","-","State","Base Jan 1991=100","204.2"
"HSM09","House Construction Cost Index","2013M03","2013M03","-","State","Base Jan 1991=100","204.3"
"HSM09","House Construction Cost Index","2013M04","2013M04","-","State","Base Jan 1991=100","204.5"
"HSM09","House Construction Cost Index","2013M05","2013M05","-","State","Base Jan 1991=100","204.5"
"HSM09","House Construction Cost Index","2013M06","2013M06","-","State","Base Jan 1991=100","204.8"
"HSM09","House Construction Cost Index","2013M07","2013M07","-","State","Base Jan 1991=100","204.8"
"HSM09","House Construction Cost Index","2013M08","2013M08","-","State","Base Jan 1991=100","205"
"HSM09","House Construction Cost Index","2013M09","2013M09","-","State","Base Jan 1991=100","205.1"
"HSM09","House Construction Cost Index","2013M10","2013M10","-","State","Base Jan 1991=100","205.4"
"HSM09","House Construction Cost Index","2013M11","2013M11","-","State","Base Jan 1991=100","205.4"
"HSM09","House Construction Cost Index","2013M12","2013M12","-","State","Base Jan 1991=100","204.7"
"HSM09","House Construction Cost Index","2014M01","2014M01","-","State","Base Jan 1991=100","204.9"
"HSM09","House Construction Cost Index","2014M02","2014M02","-","State","Base Jan 1991=100","205.4"
"HSM09","House Construction Cost Index","2014M03","2014M03","-","State","Base Jan 1991=100","205.4"
"HSM09","House Construction Cost Index","2014M04","2014M04","-","State","Base Jan 1991=100","205.6"
"HSM09","House Construction Cost Index","2014M05","2014M05","-","State","Base Jan 1991=100","205.9"
"HSM09","House Construction Cost Index","2014M06","2014M06","-","State","Base Jan 1991=100","206"
"HSM09","House Construction Cost Index","2014M07","2014M07","-","State","Base Jan 1991=100","206"
"HSM09","House Construction Cost Index","2014M08","2014M08","-","State","Base Jan 1991=100","206.6"
"HSM09","House Construction Cost Index","2014M09","2014M09","-","State","Base Jan 1991=100","206.4"
"HSM09","House Construction Cost Index","2014M10","2014M10","-","State","Base Jan 1991=100","206.7"
"HSM09","House Construction Cost Index","2014M11","2014M11","-","State","Base Jan 1991=100","206.5"
"HSM09","House Construction Cost Index","2014M12","2014M12","-","State","Base Jan 1991=100","206.2"
"HSM09","House Construction Cost Index","2015M01","2015M01","-","State","Base Jan 1991=100","206.2"
"HSM09","House Construction Cost Index","2015M02","2015M02","-","State","Base Jan 1991=100","206"
"HSM09","House Construction Cost Index","2015M03","2015M03","-","State","Base Jan 1991=100","206.5"
"HSM09","House Construction Cost Index","2015M04","2015M04","-","State","Base Jan 1991=100","206.8"
"HSM09","House Construction Cost Index","2015M05","2015M05","-","State","Base Jan 1991=100","207.2"
"HSM09","House Construction Cost Index","2015M06","2015M06","-","State","Base Jan 1991=100","207.6"
"HSM09","House Construction Cost Index","2015M07","2015M07","-","State","Base Jan 1991=100","207.4"
"HSM09","House Construction Cost Index","2015M08","2015M08","-","State","Base Jan 1991=100","207.4"
"HSM09","House Construction Cost Index","2015M09","2015M09","-","State","Base Jan 1991=100","207.3"
"HSM09","House Construction Cost Index","2015M10","2015M10","-","State","Base Jan 1991=100","207.2"
"HSM09","House Construction Cost Index","2015M11","2015M11","-","State","Base Jan 1991=100","207.6"
"HSM09","House Construction Cost Index","2015M12","2015M12","-","State","Base Jan 1991=100","207.4"
"HSM09","House Construction Cost Index","2016M01","2016M01","-","State","Base Jan 1991=100","207.4"
"HSM09","House Construction Cost Index","2016M02","2016M02","-","State","Base Jan 1991=100","207.1"
"HSM09","House Construction Cost Index","2016M03","2016M03","-","State","Base Jan 1991=100","207.2"
"HSM09","House Construction Cost Index","2016M04","2016M04","-","State","Base Jan 1991=100","207.8"
"HSM09","House Construction Cost Index","2016M05","2016M05","-","State","Base Jan 1991=100","208.2"
"HSM09","House Construction Cost Index","2016M06","2016M06","-","State","Base Jan 1991=100","208.2"
"HSM09","House Construction Cost Index","2016M07","2016M07","-","State","Base Jan 1991=100","208.4"
"HSM09","House Construction Cost Index","2016M08","2016M08","-","State","Base Jan 1991=100","208.6"
"HSM09","House Construction Cost Index","2016M09","2016M09","-","State","Base Jan 1991=100","208.8"
"HSM09","House Construction Cost Index","2016M10","2016M10","-","State","Base Jan 1991=100","208.9"
"HSM09","House Construction Cost Index","2016M11","2016M11","-","State","Base Jan 1991=100","209.1"
"HSM09","House Construction Cost Index","2016M12","2016M12","-","State","Base Jan 1991=100","209.1"
"HSM09","House Construction Cost Index","2017M01","2017M01","-","State","Base Jan 1991=100","209.4"
"HSM09","House Construction Cost Index","2017M02","2017M02","-","State","Base Jan 1991=100","209.5"
"HSM09","House Construction Cost Index","2017M03","2017M03","-","State","Base Jan 1991=100","210.5"
"HSM09","House Construction Cost Index","2017M04","2017M04","-","State","Base Jan 1991=100","210.7"
"HSM09","House Construction Cost Index","2017M05","2017M05","-","State","Base Jan 1991=100","211.1"
"HSM09","House Construction Cost Index","2017M06","2017M06","-","State","Base Jan 1991=100","211.2"
"HSM09","House Construction Cost Index","2017M07","2017M07","-","State","Base Jan 1991=100","211.4"
"HSM09","House Construction Cost Index","2017M08","2017M08","-","State","Base Jan 1991=100","211.4"
